Name,Last Updated,Tracked,Actions,,,
6a9iybdx-861,5/5/2020 15:42,1,,,, TVM_SERIAL like '6a9iybdx-861' or 
600lbd4q-40,5/5/2020 15:42,1,,,, TVM_SERIAL like '600lbd4q-40' or 
6ej7vyue-1144,5/5/2020 15:42,1,,,, TVM_SERIAL like '6ej7vyue-1144' or 
5cg0aos8-1331,5/5/2020 15:42,1,,,, TVM_SERIAL like '5cg0aos8-1331' or 
56k6qe5d-umshini,5/5/2020 15:42,1,,,, TVM_SERIAL like '56k6qe5d-umshini' or 
6bka73b7-umshini,5/5/2020 15:42,1,,,, TVM_SERIAL like '6bka73b7-umshini' or 
6bvz88xu-1334,5/5/2020 15:42,1,,,, TVM_SERIAL like '6bvz88xu-1334' or 
3f2134a0-1280,5/5/2020 15:42,1,,,, TVM_SERIAL like '3f2134a0-1280' or 
3pndfos4-umshini,5/5/2020 15:42,1,,,, TVM_SERIAL like '3pndfos4-umshini' or 
496gtey6-1233,5/5/2020 15:42,1,,,, TVM_SERIAL like '496gtey6-1233' or 
4c1o6ogt-859,5/5/2020 15:42,1,,,, TVM_SERIAL like '4c1o6ogt-859' or 
3hjcwcl0-umshini,5/5/2020 15:42,1,,,, TVM_SERIAL like '3hjcwcl0-umshini' or 
48rbxkte-245,5/5/2020 15:42,1,,,, TVM_SERIAL like '48rbxkte-245' or 
3adndb05-umshini,5/5/2020 15:42,1,,,, TVM_SERIAL like '3adndb05-umshini' or 
32greyfw-1084,5/5/2020 15:42,1,,,, TVM_SERIAL like '32greyfw-1084' or 
3ajw1bov-umshini,5/5/2020 15:42,1,,,, TVM_SERIAL like '3ajw1bov-umshini' or 
2uguf55d-umshini,5/5/2020 15:42,1,,,, TVM_SERIAL like '2uguf55d-umshini' or 
325ie5xx-umshini,5/5/2020 15:42,1,,,, TVM_SERIAL like '325ie5xx-umshini' or 
2moqazgf-1417,5/5/2020 15:42,1,,,, TVM_SERIAL like '2moqazgf-1417' or 
31fhkgdw-umshini,5/5/2020 15:42,1,,,, TVM_SERIAL like '31fhkgdw-umshini' or 
2y1ued7c-40,5/5/2020 15:42,1,,,, TVM_SERIAL like '2y1ued7c-40' or 
3e763x2s-1040,5/5/2020 15:42,1,,,, TVM_SERIAL like '3e763x2s-1040' or 
259f46v8-1433,5/5/2020 15:42,1,,,, TVM_SERIAL like '259f46v8-1433' or 
28v2s570-umshini,5/5/2020 15:42,1,,,, TVM_SERIAL like '28v2s570-umshini' or 
24hac0it-umshini,5/5/2020 15:42,1,,,, TVM_SERIAL like '24hac0it-umshini' or 
2ejrtslh-1050,5/5/2020 15:42,1,,,, TVM_SERIAL like '2ejrtslh-1050' or 
146kq6ce-umshini,5/5/2020 15:42,1,,,, TVM_SERIAL like '146kq6ce-umshini' or 
1nvzy0ci-1226,5/5/2020 15:42,1,,,, TVM_SERIAL like '1nvzy0ci-1226' or 
1l9gzl34-1444,5/5/2020 15:42,1,,,, TVM_SERIAL like '1l9gzl34-1444' or 
1l86i0qg-1144,5/5/2020 15:42,1,,,, TVM_SERIAL like '1l86i0qg-1144' or 
17p94w7i-113,5/5/2020 15:42,1,,,, TVM_SERIAL like '17p94w7i-113' or 
147jb0bd-1233,5/5/2020 15:42,1,,,, TVM_SERIAL like '147jb0bd-1233' or 
1013d195-1040,5/5/2020 15:42,1,,,, TVM_SERIAL like '1013d195-1040' or 
0cqyhub2-umshini,5/5/2020 15:42,1,,,, TVM_SERIAL like '0cqyhub2-umshini' or 
0irp6rop-1334,5/5/2020 15:42,1,,,, TVM_SERIAL like '0irp6rop-1334' or 
0t8dsvvo-1101,5/5/2020 15:42,1,,,, TVM_SERIAL like '0t8dsvvo-1101' or 
00nd1sh0-1011,5/5/2020 15:42,1,,,, TVM_SERIAL like '00nd1sh0-1011' or 
02ltg795-799,5/5/2020 15:42,1,,,, TVM_SERIAL like '02ltg795-799' or 
0cos9s0w-1011,5/5/2020 15:42,1,,,, TVM_SERIAL like '0cos9s0w-1011' or 
ytcsmf25-952,5/5/2020 15:42,1,,,, TVM_SERIAL like 'ytcsmf25-952' or 
zywldi4x-1433,5/5/2020 15:42,1,,,, TVM_SERIAL like 'zywldi4x-1433' or 
z0ugafvn-umshini,5/5/2020 15:42,1,,,, TVM_SERIAL like 'z0ugafvn-umshini' or 
xvn9y213-40,5/5/2020 15:42,1,,,, TVM_SERIAL like 'xvn9y213-40' or 
xsqgcnrv-umshini,5/5/2020 15:42,1,,,, TVM_SERIAL like 'xsqgcnrv-umshini' or 
xxrf6euk-905,5/5/2020 15:42,1,,,, TVM_SERIAL like 'xxrf6euk-905' or 
xpdo4avo-905,5/5/2020 15:42,1,,,, TVM_SERIAL like 'xpdo4avo-905' or 
ztnpplf1-263,5/5/2020 15:42,1,,,, TVM_SERIAL like 'ztnpplf1-263' or 
yh0a1i6q-umshini,5/5/2020 15:42,1,,,, TVM_SERIAL like 'yh0a1i6q-umshini' or 
zewiyc1d-916,5/5/2020 15:42,1,,,, TVM_SERIAL like 'zewiyc1d-916' or 
z2wdpux3-1325,5/5/2020 15:42,1,,,, TVM_SERIAL like 'z2wdpux3-1325' or 
z9a2owfv-1274,5/5/2020 15:42,1,,,, TVM_SERIAL like 'z9a2owfv-1274' or 
zqmio1tx-1164,5/5/2020 15:42,1,,,, TVM_SERIAL like 'zqmio1tx-1164' or 
uytg2n0d-umshini,5/5/2020 15:41,1,,,, TVM_SERIAL like 'uytg2n0d-umshini' or 
vmj1k6gl-umshini,5/5/2020 15:41,1,,,, TVM_SERIAL like 'vmj1k6gl-umshini' or 
vrumwzn8-umshini,5/5/2020 15:41,1,,,, TVM_SERIAL like 'vrumwzn8-umshini' or 
udt7hwry-umshini,5/5/2020 15:41,1,,,, TVM_SERIAL like 'udt7hwry-umshini' or 
vopuhgpv-umshini,5/5/2020 15:41,1,,,, TVM_SERIAL like 'vopuhgpv-umshini' or 
wi93c13a-umshini,5/5/2020 15:41,1,,,, TVM_SERIAL like 'wi93c13a-umshini' or 
wvnvuaqy-794,5/5/2020 15:41,1,,,, TVM_SERIAL like 'wvnvuaqy-794' or 
v38rx5e7-792,5/5/2020 15:41,1,,,, TVM_SERIAL like 'v38rx5e7-792' or 
va9vy1co-umshini,5/5/2020 15:41,1,,,, TVM_SERIAL like 'va9vy1co-umshini' or 
w5qd0t7e-1006,5/5/2020 15:41,1,,,, TVM_SERIAL like 'w5qd0t7e-1006' or 
vt1yopow-944,5/5/2020 15:41,1,,,, TVM_SERIAL like 'vt1yopow-944' or 
wn8umanv-916,5/5/2020 15:41,1,,,, TVM_SERIAL like 'wn8umanv-916' or 
whs9gfrg-1077,5/5/2020 15:41,1,,,, TVM_SERIAL like 'whs9gfrg-1077' or 
vq2fqhey-891,5/5/2020 15:41,1,,,, TVM_SERIAL like 'vq2fqhey-891' or 
ugcdpsmk-umshini,5/5/2020 15:41,1,,,, TVM_SERIAL like 'ugcdpsmk-umshini' or 
weoojtlh-862,5/5/2020 15:41,1,,,, TVM_SERIAL like 'weoojtlh-862' or 
w7nb8lb9-845,5/5/2020 15:41,1,,,, TVM_SERIAL like 'w7nb8lb9-845' or 
vw9eircx-1418,5/5/2020 15:41,1,,,, TVM_SERIAL like 'vw9eircx-1418' or 
wx818oxu-1233,5/5/2020 15:41,1,,,, TVM_SERIAL like 'wx818oxu-1233' or 
vnagnlry-1444,5/5/2020 15:41,1,,,, TVM_SERIAL like 'vnagnlry-1444' or 
x7mwo5pp-umshini,5/5/2020 15:41,1,,,, TVM_SERIAL like 'x7mwo5pp-umshini' or 
uekghhde-1117,5/5/2020 15:41,1,,,, TVM_SERIAL like 'uekghhde-1117' or 
t6sx6m8p-umshini,5/5/2020 15:41,1,,,, TVM_SERIAL like 't6sx6m8p-umshini' or 
rrdfsogf-1238,5/5/2020 15:41,1,,,, TVM_SERIAL like 'rrdfsogf-1238' or 
r7oui1eh-128,5/5/2020 15:41,1,,,, TVM_SERIAL like 'r7oui1eh-128' or 
tuyyfadu-786,5/5/2020 15:41,1,,,, TVM_SERIAL like 'tuyyfadu-786' or 
sjgzfnex-umshini,5/5/2020 15:41,1,,,, TVM_SERIAL like 'sjgzfnex-umshini' or 
skkwpomg-umshini,5/5/2020 15:41,1,,,, TVM_SERIAL like 'skkwpomg-umshini' or 
snwywtcz-799,5/5/2020 15:41,1,,,, TVM_SERIAL like 'snwywtcz-799' or 
t8qmyf1p-1108,5/5/2020 15:41,1,,,, TVM_SERIAL like 't8qmyf1p-1108' or 
qamco66c-umshini,5/5/2020 15:41,1,,,, TVM_SERIAL like 'qamco66c-umshini' or 
rouvhr22-137,5/5/2020 15:41,1,,,, TVM_SERIAL like 'rouvhr22-137' or 
sgqmef1h-1325,5/5/2020 15:41,1,,,, TVM_SERIAL like 'sgqmef1h-1325' or 
rfwbsk96-790,5/5/2020 15:41,,,,, TVM_SERIAL like 'rfwbsk96-790' or 
rj3qbwdx-794,5/5/2020 15:41,1,,,, TVM_SERIAL like 'rj3qbwdx-794' or 
t9cvcvjn-957,5/5/2020 15:41,1,,,, TVM_SERIAL like 't9cvcvjn-957' or 
sjgxl3f7-944,5/5/2020 15:41,1,,,, TVM_SERIAL like 'sjgxl3f7-944' or 
quua4prt-umshini,5/5/2020 15:41,1,,,, TVM_SERIAL like 'quua4prt-umshini' or 
t53lr16f-790,5/5/2020 15:41,1,,,, TVM_SERIAL like 't53lr16f-790' or 
sne24u48-859,5/5/2020 15:41,1,,,, TVM_SERIAL like 'sne24u48-859' or 
qsk0qikj-658,5/5/2020 15:41,1,,,, TVM_SERIAL like 'qsk0qikj-658' or 
tdku0wy4-umshini,5/5/2020 15:41,1,,,, TVM_SERIAL like 'tdku0wy4-umshini' or 
rihr5bqr-1331,5/5/2020 15:41,1,,,, TVM_SERIAL like 'rihr5bqr-1331' or 
q4naxpxy-umshini,5/5/2020 15:41,1,,,, TVM_SERIAL like 'q4naxpxy-umshini' or 
plqb4gsc-umshini,5/5/2020 15:41,1,,,, TVM_SERIAL like 'plqb4gsc-umshini' or 
pv21ifsa-959,5/5/2020 15:41,1,,,, TVM_SERIAL like 'pv21ifsa-959' or 
o9fcbfwz-umshini,5/5/2020 15:41,1,,,, TVM_SERIAL like 'o9fcbfwz-umshini' or 
n2ga5ts3-1201,5/5/2020 15:41,1,,,, TVM_SERIAL like 'n2ga5ts3-1201' or 
o20jy69p-1233,5/5/2020 15:41,1,,,, TVM_SERIAL like 'o20jy69p-1233' or 
mbjwjfkd-umshini,5/5/2020 15:41,,,,, TVM_SERIAL like 'mbjwjfkd-umshini' or 
q4wwsraz-783,5/5/2020 15:41,1,,,, TVM_SERIAL like 'q4wwsraz-783' or 
ogx7fsg5-849,5/5/2020 15:41,1,,,, TVM_SERIAL like 'ogx7fsg5-849' or 
mur7bcp6-umshini,5/5/2020 15:41,1,,,, TVM_SERIAL like 'mur7bcp6-umshini' or 
mcuw42ci-881,5/5/2020 15:41,1,,,, TVM_SERIAL like 'mcuw42ci-881' or 
o27c0c7b-944,5/5/2020 15:41,1,,,, TVM_SERIAL like 'o27c0c7b-944' or 
momeind9-umshini,5/5/2020 15:41,1,,,, TVM_SERIAL like 'momeind9-umshini' or 
nn3gqsll-umshini,5/5/2020 15:41,1,,,, TVM_SERIAL like 'nn3gqsll-umshini' or 
q0u1oqqy-umshini,5/5/2020 15:41,1,,,, TVM_SERIAL like 'q0u1oqqy-umshini' or 
p6ool3mk-815,5/5/2020 15:41,1,,,, TVM_SERIAL like 'p6ool3mk-815' or 
ojjaip9r-1331,5/5/2020 15:41,1,,,, TVM_SERIAL like 'ojjaip9r-1331' or 
mmbs9zsr-1081,5/5/2020 15:41,1,,,, TVM_SERIAL like 'mmbs9zsr-1081' or 
m8k146f0-1113,5/5/2020 15:41,1,,,, TVM_SERIAL like 'm8k146f0-1113' or 
oxdndga1-815,5/5/2020 15:41,1,,,, TVM_SERIAL like 'oxdndga1-815' or 
mupveuyn-1101,5/5/2020 15:41,1,,,, TVM_SERIAL like 'mupveuyn-1101' or 
ittumdcm-umshini,5/5/2020 15:41,1,,,, TVM_SERIAL like 'ittumdcm-umshini' or 
jadohyr1-976,5/5/2020 15:41,1,,,, TVM_SERIAL like 'jadohyr1-976' or 
klupclv9-umshini,5/5/2020 15:41,1,,,, TVM_SERIAL like 'klupclv9-umshini' or 
kst1bg9q-umshini,5/5/2020 15:41,1,,,, TVM_SERIAL like 'kst1bg9q-umshini' or 
kwrch16p-881,5/5/2020 15:41,1,,,, TVM_SERIAL like 'kwrch16p-881' or 
kxosv2j5-1238,5/5/2020 15:41,1,,,, TVM_SERIAL like 'kxosv2j5-1238' or 
m3m830qy-umshini,5/5/2020 15:41,1,,,, TVM_SERIAL like 'm3m830qy-umshini' or 
l6bbd2f1-954,5/5/2020 15:41,1,,,, TVM_SERIAL like 'l6bbd2f1-954' or 
kf39sn5z-1245,5/5/2020 15:41,1,,,, TVM_SERIAL like 'kf39sn5z-1245' or 
l6cpnx3a-1238,5/5/2020 15:41,1,,,, TVM_SERIAL like 'l6cpnx3a-1238' or 
ize4scoo-1036,5/5/2020 15:41,1,,,, TVM_SERIAL like 'ize4scoo-1036' or 
lf9z4ofb-umshini,5/5/2020 15:41,1,,,, TVM_SERIAL like 'lf9z4ofb-umshini' or 
la0ez6pj-1274,5/5/2020 15:41,1,,,, TVM_SERIAL like 'la0ez6pj-1274' or 
lwhlhhu3-1401,5/5/2020 15:41,1,,,, TVM_SERIAL like 'lwhlhhu3-1401' or 
llhbs3gf-827,5/5/2020 15:41,1,,,, TVM_SERIAL like 'llhbs3gf-827' or 
jujx7i6e-umshini,5/5/2020 15:41,1,,,, TVM_SERIAL like 'jujx7i6e-umshini' or 
m2ucu6o9-859,5/5/2020 15:41,1,,,, TVM_SERIAL like 'm2ucu6o9-859' or 
lgd03b6t-827,5/5/2020 15:41,1,,,, TVM_SERIAL like 'lgd03b6t-827' or 
lsbdv3lb-1081,5/5/2020 15:41,1,,,, TVM_SERIAL like 'lsbdv3lb-1081' or 
ljkml8vy-868,5/5/2020 15:41,1,,,, TVM_SERIAL like 'ljkml8vy-868' or 
kmqxmcr5-1177,5/5/2020 15:41,1,,,, TVM_SERIAL like 'kmqxmcr5-1177' or 
hwdomp8m-959,5/5/2020 15:41,1,,,, TVM_SERIAL like 'hwdomp8m-959' or 
hm7wndxm-umshini,5/5/2020 15:41,1,,,, TVM_SERIAL like 'hm7wndxm-umshini' or 
iog9yaca-umshini,5/5/2020 15:41,,,,, TVM_SERIAL like 'iog9yaca-umshini' or 
g79uo6lc-976,5/5/2020 15:41,1,,,, TVM_SERIAL like 'g79uo6lc-976' or 
g2hcj8gv-umshini,5/5/2020 15:41,1,,,, TVM_SERIAL like 'g2hcj8gv-umshini' or 
epfp38r6-umshini,5/5/2020 15:41,1,,,, TVM_SERIAL like 'epfp38r6-umshini' or 
i4a7psil-1136,5/5/2020 15:41,1,,,, TVM_SERIAL like 'i4a7psil-1136' or 
fytavwly-957,5/5/2020 15:41,1,,,, TVM_SERIAL like 'fytavwly-957' or 
imnxfmeu-1227,5/5/2020 15:41,1,,,, TVM_SERIAL like 'imnxfmeu-1227' or 
fmn4atkd-868,5/5/2020 15:41,1,,,, TVM_SERIAL like 'fmn4atkd-868' or 
hrc6333l-1098,5/5/2020 15:41,1,,,, TVM_SERIAL like 'hrc6333l-1098' or 
i7zhhggo-1417,5/5/2020 15:41,1,,,, TVM_SERIAL like 'i7zhhggo-1417' or 
hdheo90o-944,5/5/2020 15:41,1,,,, TVM_SERIAL like 'hdheo90o-944' or 
hgoso5i1-891,5/5/2020 15:41,1,,,, TVM_SERIAL like 'hgoso5i1-891' or 
ep39qb33-1313,5/5/2020 15:41,1,,,, TVM_SERIAL like 'ep39qb33-1313' or 
e9ygsen2-245,5/5/2020 15:41,1,,,, TVM_SERIAL like 'e9ygsen2-245' or 
iiy0r9hv-umshini,5/5/2020 15:41,1,,,, TVM_SERIAL like 'iiy0r9hv-umshini' or 
itcm34h7-779,5/5/2020 15:41,1,,,, TVM_SERIAL like 'itcm34h7-779' or 
gwo4w91t-861,5/5/2020 15:41,1,,,, TVM_SERIAL like 'gwo4w91t-861' or 
fb1qu45r-783,5/5/2020 15:41,1,,,, TVM_SERIAL like 'fb1qu45r-783' or 
c5xevmks-umshini,5/5/2020 15:41,1,,,, TVM_SERIAL like 'c5xevmks-umshini' or 
b4w4wxhi-umshini,5/5/2020 15:41,1,,,, TVM_SERIAL like 'b4w4wxhi-umshini' or 
e342cm9d-1313,5/5/2020 15:41,1,,,, TVM_SERIAL like 'e342cm9d-1313' or 
dkeeg42p-umshini,5/5/2020 15:41,1,,,, TVM_SERIAL like 'dkeeg42p-umshini' or 
d93d7cys-1113,5/5/2020 15:41,1,,,, TVM_SERIAL like 'd93d7cys-1113' or 
dswy4zx9-umshini,5/5/2020 15:41,1,,,, TVM_SERIAL like 'dswy4zx9-umshini' or 
d4x3z6bo-1215,5/5/2020 15:41,1,,,, TVM_SERIAL like 'd4x3z6bo-1215' or 
d7dxc2zt-1238,5/5/2020 15:41,1,,,, TVM_SERIAL like 'd7dxc2zt-1238' or 
d07u9e67-577,5/5/2020 15:41,1,,,, TVM_SERIAL like 'd07u9e67-577' or 
cjgg5j14-umshini,5/5/2020 15:41,1,,,, TVM_SERIAL like 'cjgg5j14-umshini' or 
b5jihamm-umshini,5/5/2020 15:41,1,,,, TVM_SERIAL like 'b5jihamm-umshini' or 
bjuhe1ro-umshini,5/5/2020 15:41,1,,,, TVM_SERIAL like 'bjuhe1ro-umshini' or 
atg4xel4-umshini,5/5/2020 15:41,1,,,, TVM_SERIAL like 'atg4xel4-umshini' or 
c5zt2do9-572,5/5/2020 15:41,1,,,, TVM_SERIAL like 'c5zt2do9-572' or 
e4te9gxl-923,5/5/2020 15:41,1,,,, TVM_SERIAL like 'e4te9gxl-923' or 
cidfyc4a-umshini,5/5/2020 15:41,1,,,, TVM_SERIAL like 'cidfyc4a-umshini' or 
crs08o40-umshini,5/5/2020 15:41,1,,,, TVM_SERIAL like 'crs08o40-umshini' or 
cz9fia8g-umshini,5/5/2020 15:41,1,,,, TVM_SERIAL like 'cz9fia8g-umshini' or 
e9wa3a5r-799,5/5/2020 15:41,1,,,, TVM_SERIAL like 'e9wa3a5r-799' or 
cft4bc49-umshini,5/5/2020 15:41,1,,,, TVM_SERIAL like 'cft4bc49-umshini' or 
bm7p70ae-976,5/5/2020 15:41,1,,,, TVM_SERIAL like 'bm7p70ae-976' or 
c0uiyoew-umshini,5/5/2020 15:41,1,,,, TVM_SERIAL like 'c0uiyoew-umshini' or 
9iobfnom-umshini,5/5/2020 15:41,1,,,, TVM_SERIAL like '9iobfnom-umshini' or 
6ul3hiew-umshini,5/5/2020 15:41,1,,,, TVM_SERIAL like '6ul3hiew-umshini' or 
88xg2o4i-umshini,5/5/2020 15:41,1,,,, TVM_SERIAL like '88xg2o4i-umshini' or 
9p1a8hug-umshini,5/5/2020 15:41,1,,,, TVM_SERIAL like '9p1a8hug-umshini' or 
8h0gw9ve-umshini,5/5/2020 15:41,1,,,, TVM_SERIAL like '8h0gw9ve-umshini' or 
744ygco7-915,5/5/2020 15:41,1,,,, TVM_SERIAL like '744ygco7-915' or 
94ke8396-1108,5/5/2020 15:41,1,,,, TVM_SERIAL like '94ke8396-1108' or 
6mthnb92-952,5/5/2020 15:41,1,,,, TVM_SERIAL like '6mthnb92-952' or 
9pez77ag-umshini,5/5/2020 15:41,1,,,, TVM_SERIAL like '9pez77ag-umshini' or 
9l77wc0y-umshini,5/5/2020 15:41,,,,, TVM_SERIAL like '9l77wc0y-umshini' or 
6l6gsku5-609,5/5/2020 15:41,1,,,, TVM_SERIAL like '6l6gsku5-609' or 
7o3u72ge-1201,5/5/2020 15:41,1,,,, TVM_SERIAL like '7o3u72ge-1201' or 
8ijitv3a-umshini,5/5/2020 15:41,1,,,, TVM_SERIAL like '8ijitv3a-umshini' or 
at71zllv-umshini,5/5/2020 15:41,1,,,, TVM_SERIAL like 'at71zllv-umshini' or 
855s8atk-906,5/5/2020 15:41,1,,,, TVM_SERIAL like '855s8atk-906' or 
6p88e4ul-879,5/5/2020 15:41,1,,,, TVM_SERIAL like '6p88e4ul-879' or 
7mn8a37b-umshini,5/5/2020 15:41,1,,,, TVM_SERIAL like '7mn8a37b-umshini' or 
9edpw70u-umshini,5/5/2020 15:41,1,,,, TVM_SERIAL like '9edpw70u-umshini' or 
24tnf780-1471,5/5/2020 15:41,1,,,, TVM_SERIAL like '24tnf780-1471' or 
bqekyffh-umshini,5/5/2020 15:40,1,,,, TVM_SERIAL like 'bqekyffh-umshini' or 
y1opp309-263,5/5/2020 15:11,1,,,, TVM_SERIAL like 'y1opp309-263' or 
ucdbvyu4-1102,5/5/2020 15:11,1,,,, TVM_SERIAL like 'ucdbvyu4-1102' or 
t7ecsrag-1347,5/5/2020 15:11,1,,,, TVM_SERIAL like 't7ecsrag-1347' or 
gvqy8a6t-umshini,5/5/2020 15:11,1,,,, TVM_SERIAL like 'gvqy8a6t-umshini' or 
dbasojoa-1027,5/5/2020 15:11,1,,,, TVM_SERIAL like 'dbasojoa-1027' or 
c1q33prp-umshini,5/5/2020 15:11,1,,,, TVM_SERIAL like 'c1q33prp-umshini' or 
08oo2x0a-1050,5/5/2020 15:11,1,,,, TVM_SERIAL like '08oo2x0a-1050' or 
y9050cnj-1226,5/5/2020 15:10,1,,,, TVM_SERIAL like 'y9050cnj-1226' or 
ud3vvz7e-942,5/5/2020 15:10,1,,,, TVM_SERIAL like 'ud3vvz7e-942' or 
u95aii1x-umshini,5/5/2020 15:10,1,,,, TVM_SERIAL like 'u95aii1x-umshini' or 
tt7iixe5-1381,5/5/2020 15:10,1,,,, TVM_SERIAL like 'tt7iixe5-1381' or 
tb79lsz4-umshini,5/5/2020 15:10,1,,,, TVM_SERIAL like 'tb79lsz4-umshini' or 
p4sjpxb6-umshini,5/5/2020 15:10,1,,,, TVM_SERIAL like 'p4sjpxb6-umshini' or 
nw41km51-Habib,5/5/2020 15:10,1,,,, TVM_SERIAL like 'nw41km51-Habib' or 
ni0t6r47-umshini,5/5/2020 15:10,1,,,, TVM_SERIAL like 'ni0t6r47-umshini' or 
mca1pok1-799,5/5/2020 15:10,1,,,, TVM_SERIAL like 'mca1pok1-799' or 
laqgsq2p-1333,5/5/2020 15:10,1,,,, TVM_SERIAL like 'laqgsq2p-1333' or 
jmjcihtx-umshini,5/5/2020 15:10,1,,,, TVM_SERIAL like 'jmjcihtx-umshini' or 
ilguggg5-942,5/5/2020 15:10,1,,,, TVM_SERIAL like 'ilguggg5-942' or 
gzscjfix-646,5/5/2020 15:10,1,,,, TVM_SERIAL like 'gzscjfix-646' or 
gwv9xo3w-928,5/5/2020 15:10,1,,,, TVM_SERIAL like 'gwv9xo3w-928' or 
dv2g9c6x-849,5/5/2020 15:10,1,,,, TVM_SERIAL like 'dv2g9c6x-849' or 
c0t5x19p-941,5/5/2020 15:10,1,,,, TVM_SERIAL like 'c0t5x19p-941' or 
9vecsdsd-umshini,5/5/2020 15:10,1,,,, TVM_SERIAL like '9vecsdsd-umshini' or 
4j933rfj-942,5/5/2020 15:10,1,,,, TVM_SERIAL like '4j933rfj-942' or 
4b2zweoi-umshini,5/5/2020 15:10,1,,,, TVM_SERIAL like '4b2zweoi-umshini' or 
3oqpbodd-957,5/5/2020 15:10,1,,,, TVM_SERIAL like '3oqpbodd-957' or 
2voo2m4d-1233,5/5/2020 15:10,1,,,, TVM_SERIAL like '2voo2m4d-1233' or 
22w0ebu9-1227,5/5/2020 15:10,1,,,, TVM_SERIAL like '22w0ebu9-1227' or 
1gfyj07b-umshini,5/5/2020 15:09,1,,,, TVM_SERIAL like '1gfyj07b-umshini' or 
0v4l53y0-,5/5/2020 15:09,1,,,, TVM_SERIAL like '0v4l53y0-' or 
0geqssdq-umshini,5/5/2020 15:09,1,,,, TVM_SERIAL like '0geqssdq-umshini' or 
nqcq6d0u-861,5/5/2020 8:41,1,,,, TVM_SERIAL like 'nqcq6d0u-861' or 
olrjh6ub-815,5/5/2020 8:04,1,,,, TVM_SERIAL like 'olrjh6ub-815' or 
p2njrc36-790,5/5/2020 2:43,1,,,, TVM_SERIAL like 'p2njrc36-790' or 
vgraapkr-umshini,5/5/2020 2:43,1,,,, TVM_SERIAL like 'vgraapkr-umshini' or 
8z06ajsz-687,5/4/2020 20:35,1,,,,
cdvgp5sq-1325,5/3/2020 23:58,1,,,,
p1zwp405-umshini,5/3/2020 3:11,1,,,,
czlruf4d-umshini,5/1/2020 15:19,1,,,,
ee4mhh58-umshini,4/30/2020 18:28,1,,,,
e31glsg6-925,4/27/2020 13:48,1,,,,
rv8it7um-umshini,4/26/2020 11:38,1,,,,
lj8ki9sc-1036,4/25/2020 23:37,1,,,,
391x8ncp-925,4/25/2020 23:37,1,,,,
wplfzry1-814,4/24/2020 22:38,1,,,,
ozgki04o-814,4/24/2020 22:38,1,,,,
7kyitrsh-814,4/24/2020 22:38,1,,,,
zn03ig0u-814,4/24/2020 14:42,1,,,,
q67feapf-814,4/24/2020 14:42,1,,,,
91lradej-687,4/24/2020 14:42,1,,,,
qi8ra1bb-814,4/24/2020 2:05,1,,,,
x1nzglq1-umshini,4/23/2020 18:27,1,,,,
bbulwv7h-umshini,4/23/2020 13:57,1,,,,
mlvs98ye-1213,4/23/2020 2:52,1,,,,
3d4s199e-umshini,4/21/2020 4:34,1,,,,
arpbkosd-881,4/20/2020 22:02,1,,,,
a1j6newk-umshini,4/19/2020 18:56,1,,,,
bh8hstn4-umshini,4/18/2020 23:36,1,,,,
cossosi9-1245,4/18/2020 3:02,1,,,,
azsi291c-1190,4/14/2020 8:16,1,,,,
gc0sbl8z-861,4/14/2020 2:40,1,,,,
c8v8u5hj-umshini,4/11/2020 18:46,1,,,,
vnagnlry-1379,4/10/2020 23:21,1,,,,
1l9gzl34-1379,4/10/2020 15:20,1,,,,
y1uw6r9n-687,4/10/2020 2:23,1,,,,
eoo0pzqo-1379,4/10/2020 2:23,1,,,,
8vg10308-1102,4/9/2020 18:37,1,,,,
ldeg0cex-umshini,4/8/2020 13:52,1,,,,
scxdbudn-814,4/5/2020 13:38,1,,,,
bxkst1bu-umshini,4/5/2020 0:04,1,,,,
o2g9ifmi-1090,4/3/2020 18:44,1,,,,
9fy4zu5u-umshini,4/2/2020 12:49,1,,,,
s7vy1ufr-1101,4/1/2020 11:42,1,,,,
3mw04e8w-1192,3/31/2020 21:55,1,,,,
69u2191d-umshini,3/31/2020 6:59,1,,,,
ep39qb33-umshini,3/28/2020 23:22,1,,,,
d4x3z6bo-umshini,3/28/2020 18:22,1,,,,
imnxfmeu-umshini,3/28/2020 16:59,1,,,,
n2ga5ts3-umshini,3/28/2020 16:37,1,,,,
7o3u72ge-umshini,3/28/2020 16:04,1,,,,
-881,3/27/2020 23:09,,,,,
-umshini,3/27/2020 23:06,,,,,
arpbkosd-umshini,3/27/2020 22:52,,,,,
mcuw42ci-umshini,3/27/2020 22:06,,,,,
uekghhde-umshini,3/27/2020 21:16,,,,,
kmqxmcr5-umshini,3/27/2020 13:55,,,,,
tgvb9yec-1090,3/26/2020 20:13,,,,,
a9kidgfy-1164,3/25/2020 19:49,,,,,
a9kidgfy-umshini,3/25/2020 19:42,,,,,
zqmio1tx-umshini,3/25/2020 19:24,,,,,
1l86i0qg-umshini,3/25/2020 17:32,,,,,
6ej7vyue-umshini,3/25/2020 16:52,,,,,
9p1a8hug-1113,3/25/2020 14:44,,,,,
m8k146f0-umshini,3/25/2020 14:11,,,,,
d93d7cys-umshini,3/25/2020 13:31,,,,,
ize4scoo-umshini,3/25/2020 12:10,,,,,
lj8ki9sc-umshini,3/25/2020 11:46,,,,,
ojjaip9r-umshini,3/24/2020 21:37,,,,,
ldo8xszn-umshini,3/24/2020 17:20,,,,,
cyl6wus9-1081,3/24/2020 4:44,,,,,
i4a7psil-umshini,3/23/2020 16:58,,,,,
k4ycqyfi-umshini,3/23/2020 16:13,,,,,
a4ipkdwd-umshini,3/23/2020 16:13,,,,,
zewiyc1d-umshini,3/23/2020 14:53,,,,,
wn8umanv-umshini,3/23/2020 14:26,,,,,
mupveuyn-umshini,3/21/2020 19:58,,,,,
k5eun1nn-792,3/21/2020 19:58,,,,,
0t8dsvvo-umshini,3/21/2020 19:57,,,,,
3vmv149m-umshini,3/18/2020 13:56,,,,,
hosudopk-umshini,3/17/2020 8:45,,,,,
t9cvcvjn-umshini,3/16/2020 21:18,,,,,
rouvhr22-umshini,3/16/2020 21:18,,,,,
fytavwly-umshini,3/16/2020 21:18,,,,,
3oqpbodd-umshini,3/16/2020 21:18,,,,,
w5qd0t7e-umshini,3/16/2020 15:21,,,,,
r7oui1eh-umshini,3/16/2020 15:21,,,,,
c5zt2do9-umshini,3/16/2020 15:21,,,,,
pv21ifsa-997,3/14/2020 17:28,,,,,
pv21ifsa-umshini,3/14/2020 17:28,,,,,
hwdomp8m-umshini,3/14/2020 17:28,,,,,
p6ool3mk-umshini,3/14/2020 11:47,,,,,
oxdndga1-umshini,3/14/2020 11:47,,,,,
jadohyr1-umshini,3/14/2020 0:36,,,,,
bm7p70ae-umshini,3/14/2020 0:36,,,,,
ilguggg5-umshini,3/13/2020 18:46,,,,,
g79uo6lc-umshini,3/13/2020 18:46,,,,,
4j933rfj-umshini,3/13/2020 18:46,,,,,
00nd1sh0-umshini,3/13/2020 18:46,,,,,
0cos9s0w-umshini,3/13/2020 18:46,,,,,
zp5g77xz-820,3/13/2020 2:05,,,,,
lwhlhhu3-928,3/12/2020 9:02,,,,,
i7zhhggo-umshini,3/11/2020 17:54,,,,,
2moqazgf-umshini,3/11/2020 17:42,,,,,
vw9eircx-umshini,3/11/2020 17:00,,,,,
ytcsmf25-umshini,3/11/2020 15:56,,,,,
lwhlhhu3-umshini,3/11/2020 15:56,,,,,
gwv9xo3w-umshini,3/11/2020 15:56,,,,,
e31glsg6-umshini,3/11/2020 15:56,,,,,
c0t5x19p-umshini,3/11/2020 15:56,,,,,
6mthnb92-umshini,3/11/2020 15:56,,,,,
-113,3/11/2020 15:19,,,,,
705s45s9-820,3/10/2020 23:11,,,,,
259f46v8-umshini,3/10/2020 18:29,,,,,
zywldi4x-umshini,3/10/2020 18:22,,,,,
z9a2owfv-umshini,3/9/2020 21:18,,,,,
la0ez6pj-umshini,3/9/2020 21:10,,,,,
1l9gzl34-umshini,3/9/2020 19:55,,,,,
eoo0pzqo-umshini,3/9/2020 19:47,,,,,
vnagnlry-umshini,3/9/2020 19:31,,,,,
496gtey6-umshini,3/9/2020 16:49,,,,,
wx818oxu-umshini,3/9/2020 16:04,,,,,
laqgsq2p-umshini,3/9/2020 13:25,,,,,
6bvz88xu-umshini,3/9/2020 12:46,,,,,
0irp6rop-umshini,3/9/2020 12:34,,,,,
o20jy69p-umshini,3/9/2020 11:02,,,,,
147jb0bd-umshini,3/9/2020 10:19,,,,,
2voo2m4d-umshini,3/9/2020 10:10,,,,,
zp5g77xz-umshini,3/8/2020 21:06,,,,,
855s8atk-umshini,3/8/2020 21:06,,,,,
705s45s9-umshini,3/8/2020 21:06,,,,,
6vd9xmwk-868,3/8/2020 21:06,,,,,
744ygco7-umshini,3/8/2020 15:35,,,,,
ljkml8vy-umshini,3/7/2020 23:28,,,,,
fmn4atkd-umshini,3/7/2020 23:28,,,,,
6vd9xmwk-umshini,3/7/2020 23:28,,,,,
8d46367w-umshini,3/7/2020 20:41,,,,,
tt7iixe5-umshini,3/7/2020 19:43,,,,,
sgqmef1h-umshini,3/7/2020 19:36,,,,,
z2wdpux3-umshini,3/7/2020 19:21,,,,,
cdvgp5sq-umshini,3/7/2020 19:14,,,,,
sjgxl3f7-umshini,3/7/2020 18:31,,,,,
vt1yopow-umshini,3/7/2020 18:23,,,,,
o27c0c7b-umshini,3/7/2020 18:14,,,,,
w7nb8lb9-umshini,3/7/2020 18:01,,,,,
snwywtcz-umshini,3/7/2020 18:01,,,,,
ogx7fsg5-umshini,3/7/2020 18:01,,,,,
mca1pok1-umshini,3/7/2020 18:01,,,,,
17p94w7i-umshini,3/7/2020 18:01,,,,,
02ltg795-umshini,3/7/2020 18:00,,,,,
t7ecsrag-umshini,3/7/2020 16:53,,,,,
0v4l53y0-umshini,3/7/2020 14:49,,,,,
hdheo90o-umshini,3/7/2020 12:52,,,,,
46sfd0k8-umshini,3/7/2020 12:49,,,,,
xxrf6euk-umshini,3/7/2020 12:44,,,,,
xpdo4avo-umshini,3/7/2020 12:44,,,,,
vq2fqhey-umshini,3/7/2020 12:44,,,,,
hgoso5i1-umshini,3/7/2020 12:44,,,,,
l6bbd2f1-umshini,3/6/2020 23:50,,,,,
sbpw4f32-umshini,3/6/2020 21:28,,,,,
nqcq6d0u-umshini,3/6/2020 11:15,,,,,
gc0sbl8z-umshini,3/6/2020 11:15,,,,,
gwo4w91t-umshini,3/6/2020 11:15,,,,,
6p88e4ul-umshini,3/6/2020 11:15,,,,,
6a9iybdx-umshini,3/6/2020 11:15,,,,,
6l6gsku5-umshini,3/5/2020 20:13,,,,,
d07u9e67-umshini,3/5/2020 18:48,,,,,
5cg0aos8-umshini,3/5/2020 18:24,,,,,
rihr5bqr-umshini,3/5/2020 18:12,,,,,
e342cm9d-umshini,3/4/2020 22:41,,,,,
qsk0qikj-umshini,3/4/2020 21:39,,,,,
y9050cnj-umshini,3/4/2020 20:13,,,,,
1nvzy0ci-umshini,3/4/2020 19:54,,,,,
48rbxkte-umshini,3/4/2020 17:53,,,,,
e9ygsen2-umshini,3/4/2020 17:45,,,,,
cossosi9-umshini,3/4/2020 17:39,,,,,
zn03ig0u-umshini,3/4/2020 17:36,,,,,
wplfzry1-umshini,3/4/2020 17:36,,,,,
scxdbudn-umshini,3/4/2020 17:36,,,,,
qi8ra1bb-umshini,3/4/2020 17:36,,,,,
q67feapf-umshini,3/4/2020 17:36,,,,,
ozgki04o-umshini,3/4/2020 17:36,,,,,
lgd03b6t-umshini,3/4/2020 17:36,,,,,
llhbs3gf-umshini,3/4/2020 17:36,,,,,
a15e2a3c-umshini,3/4/2020 17:35,,,,,
7kyitrsh-umshini,3/4/2020 17:35,,,,,
kf39sn5z-umshini,3/4/2020 17:32,,,,,
3f2134a0-umshini,3/3/2020 14:56,,,,,
4qizoms2-881,3/3/2020 10:48,,,,,
rp58relm-umshini,3/3/2020 10:45,,,,,
kxosv2j5-umshini,3/2/2020 19:05,,,,,
l6cpnx3a-umshini,3/2/2020 18:53,,,,,
d7dxc2zt-umshini,3/2/2020 18:42,,,,,
rrdfsogf-umshini,3/2/2020 18:30,,,,,
t53lr16f-umshini,3/1/2020 18:46,,,,,
rfwbsk96-umshini,3/1/2020 18:46,,,,,
p2njrc36-705,3/1/2020 18:46,,,,,
p2njrc36-umshini,3/1/2020 13:57,,,,,
tuyyfadu-umshini,2/29/2020 18:12,,,,,
xrw6n3vm-umshini,2/29/2020 16:37,,,,,
1013d195-umshini,2/29/2020 16:21,,,,,
wvnvuaqy-umshini,2/29/2020 13:19,,,,,
rj3qbwdx-umshini,2/29/2020 13:19,,,,,
itcm34h7-umshini,2/29/2020 13:19,,,,,
3e763x2s-umshini,2/29/2020 11:50,,,,,
xrw6n3vm-1040,2/29/2020 11:47,,,,,
v38rx5e7-umshini,2/28/2020 22:47,,,,,
k5eun1nn-umshini,2/28/2020 22:47,,,,,
e4te9gxl-umshini,2/28/2020 20:53,,,,,
y1uw6r9n-umshini,2/28/2020 17:55,,,,,
q4wwsraz-umshini,2/28/2020 17:55,,,,,
91lradej-umshini,2/28/2020 17:55,,,,,
8z06ajsz-umshini,2/28/2020 17:55,,,,,
fb1qu45r-umshini,2/28/2020 12:58,,,,,
mlvs98ye-umshini,2/27/2020 19:13,,,,,
22w0ebu9-umshini,2/27/2020 16:25,,,,,
nw41km51-umshini,2/27/2020 8:30,,,,,
kwrch16p-umshini,2/27/2020 0:25,,,,,
3mw04e8w-1036,2/26/2020 13:41,,,,,
1byfio3s-umshini,2/26/2020 12:49,,,,,
0nlu5sr8-umshini,2/25/2020 20:47,,,,,
gzscjfix-umshini,2/20/2020 19:31,,,,,
94ke8396-umshini,2/20/2020 19:04,,,,,
t8qmyf1p-umshini,2/20/2020 18:53,,,,,
s7vy1ufr-umshini,2/20/2020 18:11,,,,,
m2ucu6o9-umshini,2/20/2020 15:02,,,,,
sne24u48-umshini,2/20/2020 14:54,,,,,
wv5lm9z4-umshini,2/20/2020 13:30,,,,,
32greyfw-umshini,2/20/2020 12:37,,,,,
4c1o6ogt-umshini,2/20/2020 11:28,,,,,
o2g9ifmi-umshini,2/19/2020 20:55,,,,,
tgvb9yec-umshini,2/19/2020 20:46,,,,,
y1opp309-umshini,2/19/2020 19:33,,,,,
ztnpplf1-umshini,2/19/2020 19:11,,,,,
2y1ued7c-umshini,2/19/2020 17:51,,,,,
xvn9y213-umshini,2/19/2020 17:28,,,,,
600lbd4q-umshini,2/19/2020 17:20,,,,,
1gt1qjg5-1102,2/19/2020 14:04,,,,,
hrc6333l-umshini,2/19/2020 13:29,,,,,
8vg10308-umshini,2/19/2020 13:04,,,,,
ucdbvyu4-umshini,2/19/2020 12:55,,,,,
1gt1qjg5-umshini,2/19/2020 12:36,,,,,
cyl6wus9-umshini,2/18/2020 20:04,,,,,
mmbs9zsr-umshini,2/18/2020 19:46,,,,,
lsbdv3lb-umshini,2/18/2020 19:36,,,,,
whs9gfrg-umshini,2/18/2020 17:25,,,,,
2ejrtslh-umshini,2/17/2020 18:57,,,,,
08oo2x0a-umshini,2/17/2020 18:27,,,,,
5tr4z83v-umshini,2/17/2020 15:37,,,,,
dbasojoa-umshini,2/17/2020 15:27,,,,,
olrjh6ub-umshini,2/13/2020 14:41,,,,,
ud3vvz7e-umshini,2/12/2020 21:33,,,,,
zfo3obk3-umshini,2/12/2020 17:01,,,,,
391x8ncp-umshini,2/10/2020 17:55,,,,,
p5j5wvqe-umshini,2/10/2020 14:19,,,,,
weoojtlh-umshini,2/6/2020 21:50,,,,,
e9wa3a5r-umshini,2/6/2020 18:25,,,,,
dv2g9c6x-umshini,2/6/2020 17:53,,,,,
vw0ntiwq-umshini,1/16/2020 20:00,,,,,
jzed4duu-umshini,1/12/2020 18:10,,,,,
zi0opoea-umshini,1/12/2020 17:41,,,,,
