Name,Last Updated,Tracked,Actions
z2i0fkqf-1932,7/14/2020 20:27,1,
z5alqjgf-1589,7/14/2020 20:27,1,
ztnpplf1-263,7/14/2020 20:27,1,
zo3ntl0y-1697,7/14/2020 20:27,1,
zzxy87oi-1625,7/14/2020 20:27,1,
z0ugafvn-umshini,7/14/2020 20:27,1,
xixbf9gb-1542,7/14/2020 20:27,1,
ytcsmf25-952,7/14/2020 20:27,1,
xpdo4avo-905,7/14/2020 20:27,1,
yh33dgfu-193646,7/14/2020 20:27,1,
y9050cnj-1226,7/14/2020 20:27,1,
xvn9y213-40,7/14/2020 20:27,1,
y2fxsjxh-1869,7/14/2020 20:27,1,
ykhhch6m-193655,7/14/2020 20:27,1,
x79im978-193788,7/14/2020 20:27,,
xxrf6euk-905,7/14/2020 20:27,1,
yr162kw4-1367,7/14/2020 20:27,1,
wfm5unm6-838,7/14/2020 20:27,1,
wx818oxu-1233,7/14/2020 20:27,1,
wqgc4omc-1897,7/14/2020 20:27,1,
wmxvihum-1512,7/14/2020 20:27,1,
weoojtlh-862,7/14/2020 20:27,1,
wze9tlw3-1419,7/14/2020 20:27,1,
wvnvuaqy-794,7/14/2020 20:27,1,
whs9gfrg-1077,7/14/2020 20:27,1,
wi93c13a-umshini,7/14/2020 20:27,1,
x1v4fwgh-1723,7/14/2020 20:27,1,
w5qd0t7e-1006,7/14/2020 20:27,1,
w5fgrm70-1888,7/14/2020 20:27,1,
vw9eircx-1418,7/14/2020 20:27,1,
vrumwzn8-umshini,7/14/2020 20:27,1,
vuoyxshv-1650,7/14/2020 20:27,1,
w7nb8lb9-845,7/14/2020 20:27,1,
vopuhgpv-umshini,7/14/2020 20:27,1,
vt1yopow-944,7/14/2020 20:27,1,
vtqyjvfv-1477,7/14/2020 20:27,1,
vq2fqhey-891,7/14/2020 20:27,1,
ttx3scjf-1968,7/14/2020 20:27,1,
u9t2ue7r-1879,7/14/2020 20:27,1,
uekghhde-1117,7/14/2020 20:27,1,
udarach3-1116,7/14/2020 20:27,1,
udt7hwry-umshini,7/14/2020 20:27,1,
ubdpfdte-umshini,7/14/2020 20:27,,
v4uyt7cu-193809,7/14/2020 20:27,,
uiy42dav-1946,7/14/2020 20:27,1,
vnagnlry-1444,7/14/2020 20:27,1,
vjrk7lx5-1632,7/14/2020 20:27,1,
ugcdpsmk-umshini,7/14/2020 20:27,1,
tuyyfadu-786,7/14/2020 20:27,1,
v38rx5e7-792,7/14/2020 20:27,1,
sjgzfnex-881,7/14/2020 20:27,1,
tdku0wy4-umshini,7/14/2020 20:27,1,
tt7iixe5-1381,7/14/2020 20:27,1,
sv3stp5v-umshini,7/14/2020 20:27,,
t2wtqmx1-746,7/14/2020 20:27,1,
t68jocps-193716,7/14/2020 20:27,,
t8qmyf1p-1108,7/14/2020 20:27,1,
t9cvcvjn-957,7/14/2020 20:27,1,
t6sx6m8p-umshini,7/14/2020 20:27,1,
skkwpomg-umshini,7/14/2020 20:27,1,
sne24u48-859,7/14/2020 20:27,1,
tcjnlrqy-2006,7/14/2020 20:27,1,
sucxwplj-1768,7/14/2020 20:27,1,
t9eidvfo-1477,7/14/2020 20:27,1,
rj0ej9c3-1683,7/14/2020 20:27,1,
rouvhr22-137,7/14/2020 20:27,1,
sgtuzykh-193762,7/14/2020 20:27,1,
rde18z32-1067,7/14/2020 20:27,1,
rihr5bqr-1331,7/14/2020 20:27,1,
rcaega4c-193809,7/14/2020 20:27,,
r7oui1eh-128,7/14/2020 20:27,1,
rl8vu21t-1820,7/14/2020 20:27,1,
rzf58zbk-1825,7/14/2020 20:27,1,
rrdfsogf-1238,7/14/2020 20:27,1,
rj3qbwdx-794,7/14/2020 20:27,1,
sgqmef1h-1325,7/14/2020 20:27,1,
pv21ifsa-959,7/14/2020 20:27,1,
qoenskfc-606,7/14/2020 20:27,1,
qs7kmlbm-1783,7/14/2020 20:27,1,
p5lmguw1-193612,7/14/2020 20:27,1,
q4wwsraz-783,7/14/2020 20:27,1,
q4naxpxy-umshini,7/14/2020 20:27,1,
plqb4gsc-umshini,7/14/2020 20:27,1,
quua4prt-umshini,7/14/2020 20:27,1,
qf9wuypc-1861,7/14/2020 20:27,1,
q0u1oqqy-umshini,7/14/2020 20:27,1,
r1wa3sq3-1674,7/14/2020 20:27,1,
q1tqj2zq-1021,7/14/2020 20:27,1,
qsk0qikj-658,7/14/2020 20:27,1,
osmjfvgl-1729,7/14/2020 20:27,1,
oy5ju08k-746,7/14/2020 20:27,1,
p32mmfpw-193849,7/14/2020 20:27,,
p4imyo0c-1759,7/14/2020 20:27,1,
ojjaip9r-1331,7/14/2020 20:27,1,
p4sjpxb6-umshini,7/14/2020 20:27,1,
p1zwp405-umshini,7/14/2020 20:27,1,
p2rmqj0s-193601,7/14/2020 20:27,1,
nlvsczvs-81,7/14/2020 20:27,1,
ogx7fsg5-849,7/14/2020 20:27,1,
nfeapt4s-1410,7/14/2020 20:27,1,
nt81wevt-1894,7/14/2020 20:27,1,
nu8a3ps9-1880,7/14/2020 20:27,1,
o2qxjh5h-1748,7/14/2020 20:27,1,
nofw856i-1477,7/14/2020 20:27,1,
o20jy69p-1233,7/14/2020 20:27,1,
nfkrn60g-1182,7/14/2020 20:27,1,
nlpecbwz-193753,7/14/2020 20:27,,
o27c0c7b-944,7/14/2020 20:27,1,
niez9p1x-1862,7/14/2020 20:27,1,
ncxyjs9c-193666,7/14/2020 20:27,1,
msvelshu-46,7/14/2020 20:27,1,
nd0yjvl7-1625,7/14/2020 20:27,1,
mqlyvbmv-1921,7/14/2020 20:27,1,
mur7bcp6-umshini,7/14/2020 20:27,1,
mo0glf37-193612,7/14/2020 20:27,1,
mlvs98ye-1862,7/14/2020 20:27,1,
mupveuyn-1101,7/14/2020 20:27,1,
mcuw42ci-881,7/14/2020 20:27,1,
ncjamsys-838,7/14/2020 20:27,1,
muuja6ml-193703,7/14/2020 20:27,,
m61szop0-193749,7/14/2020 20:27,,
lesxy3n6-1730,7/14/2020 20:27,1,
lj8ki9sc-1036,7/14/2020 20:27,1,
m5ixw9b8-1716,7/14/2020 20:27,1,
lwhlhhu3-1401,7/14/2020 20:27,1,
lf9z4ofb-umshini,7/14/2020 20:27,1,
lgd03b6t-827,7/14/2020 20:27,1,
ljkml8vy-868,7/14/2020 20:27,1,
lvv9z3lc-1770,7/14/2020 20:27,1,
mbw8g6fs-193788,7/14/2020 20:27,,
m8k146f0-1113,7/14/2020 20:27,1,
m2ucu6o9-859,7/14/2020 20:27,1,
lzeebyvf-1512,7/14/2020 20:27,1,
la0ez6pj-1274,7/14/2020 20:27,1,
kst1bg9q-umshini,7/14/2020 20:27,1,
klupclv9-umshini,7/14/2020 20:27,1,
l6cpnx3a-1238,7/14/2020 20:27,1,
kwrch16p-881,7/14/2020 20:27,1,
kxosv2j5-1238,7/14/2020 20:27,1,
kt8yw7bm-1782,7/14/2020 20:27,1,
krsiufwr-274318,7/14/2020 20:27,,
kmqxmcr5-1177,7/14/2020 20:27,1,
ldo8xszn-Ghenoie,7/14/2020 20:27,1,
lc6qq3bf-193626,7/14/2020 20:27,,
l4maafey-umshini,7/14/2020 20:27,1,
jujx7i6e-umshini,7/14/2020 20:27,1,
kf39sn5z-1245,7/14/2020 20:27,1,
ittumdcm-umshini,7/14/2020 20:27,1,
imnxfmeu-1227,7/14/2020 20:27,1,
k29lrecl-1825,7/14/2020 20:27,1,
kdvnu1nt-193702,7/14/2020 20:27,,
joohxjrd-1968,7/14/2020 20:27,1,
k4ycqyfi-umshini,7/14/2020 20:27,1,
ize4scoo-1036,7/14/2020 20:27,1,
itcm34h7-779,7/14/2020 20:27,1,
iiy0r9hv-umshini,7/14/2020 20:27,1,
iog9yaca-umshini,7/14/2020 20:27,1,
gzscjfix-646,7/14/2020 20:27,1,
gc0sbl8z-861,7/14/2020 20:27,1,
hmlbazpf-1983,7/14/2020 20:27,1,
gphup3zq-1973,7/14/2020 20:27,1,
gj7kowss-362455,7/14/2020 20:27,,
hdheo90o-944,7/14/2020 20:27,1,
gg6qkimk-1928,7/14/2020 20:27,1,
hgoso5i1-891,7/14/2020 20:27,1,
hk48lzlr-1903,7/14/2020 20:27,1,
hrc6333l-1098,7/14/2020 20:27,1,
i101een8-1790,7/14/2020 20:27,1,
fjbxuj3z-1465,7/14/2020 20:27,1,
f28z699t-838,7/14/2020 20:27,1,
eu9lnaqo-1856,7/14/2020 20:27,1,
g79uo6lc-976,7/14/2020 20:27,1,
g22jn5pk-1690,7/14/2020 20:27,1,
g2hcj8gv-umshini,7/14/2020 20:27,1,
fmn4atkd-868,7/14/2020 20:27,1,
fczsoo5b-1932,7/14/2020 20:27,1,
f6epph19-1642,7/14/2020 20:27,1,
fp0nniro-1652,7/14/2020 20:27,1,
g1zt11kj-362455,7/14/2020 20:27,,
fytavwly-957,7/14/2020 20:27,1,
fb1qu45r-783,7/14/2020 20:27,1,
enkedwt8-1858,7/14/2020 20:27,1,
dxe0f1ba-193751,7/14/2020 20:27,,
dv2g9c6x-849,7/14/2020 20:27,1,
e274wjhk-1465,7/14/2020 20:27,1,
e9wa3a5r-799,7/14/2020 20:27,1,
ep39qb33-193712,7/14/2020 20:27,,
dx916v0h-193646,7/14/2020 20:27,1,
e9ygsen2-245,7/14/2020 20:27,1,
dswy4zx9-umshini,7/14/2020 20:27,1,
epfp38r6-umshini,7/14/2020 20:27,1,
e1z285zo-1946,7/14/2020 20:27,1,
e55mxic3-1730,7/14/2020 20:27,1,
elzb76ox-1723,7/14/2020 20:27,1,
dbasojoa-1027,7/14/2020 20:27,1,
cz9fia8g-umshini,7/14/2020 20:27,1,
d7dxc2zt-1238,7/14/2020 20:27,1,
cg4968ou-193774,7/14/2020 20:27,,
cig5x48n-193776,7/14/2020 20:27,,
d07u9e67-577,7/14/2020 20:27,1,
cjgg5j14-umshini,7/14/2020 20:27,1,
crs08o40-umshini,7/14/2020 20:27,1,
cidfyc4a-umshini,7/14/2020 20:27,1,
dged554s-193776,7/14/2020 20:27,,
d93d7cys-1113,7/14/2020 20:27,1,
dcqqewnc-1517,7/14/2020 20:27,1,
dkeeg42p-umshini,7/14/2020 20:27,1,
bqekyffh-umshini,7/14/2020 20:27,1,
bhojqm54-1921,7/14/2020 20:27,1,
c8v8u5hj-umshini,7/14/2020 20:27,1,
bjuhe1ro-umshini,7/14/2020 20:27,1,
b5jihamm-umshini,7/14/2020 20:27,1,
bbulwv7h-umshini,7/14/2020 20:27,1,
c5zt2do9-572,7/14/2020 20:27,1,
c0uiyoew-umshini,7/14/2020 20:27,1,
cft4bc49-umshini,7/14/2020 20:27,1,
bnqou5j7-1819,7/14/2020 20:27,1,
cbyjdv8n-1685,7/14/2020 20:27,1,
c5xevmks-umshini,7/14/2020 20:27,1,
acp3ul4e-746,7/14/2020 20:27,1,
b2n8ghfi-1615,7/14/2020 20:27,1,
a2lnghsi-274318,7/14/2020 20:27,,
b4w4wxhi-umshini,7/14/2020 20:27,1,
b50vhxq2-1926,7/14/2020 20:27,1,
azlo5x54-1648,7/14/2020 20:27,1,
at71zllv-umshini,7/14/2020 20:27,1,
a4y877jj-1794,7/14/2020 20:27,1,
a4xig82b-1894,7/14/2020 20:27,1,
arpbkosd-881,7/14/2020 20:27,1,
aw0wbvef-1802,7/14/2020 20:27,1,
apb0skta-1336,7/14/2020 20:27,1,
9edpw70u-umshini,7/14/2020 20:27,1,
9tijbptl-1630,7/14/2020 20:27,1,
8yzaag7s-1683,7/14/2020 20:27,1,
9c635qpz-1878,7/14/2020 20:27,1,
8vg10308-1101,7/14/2020 20:27,1,
9p1a8hug-umshini,7/14/2020 20:27,1,
94ke8396-1108,7/14/2020 20:27,1,
9iobfnom-umshini,7/14/2020 20:27,1,
a15e2a3c-269,7/14/2020 20:27,1,
9pez77ag-umshini,7/14/2020 20:27,1,
8pphv5vh-1477,7/14/2020 20:27,1,
8h0gw9ve-umshini,7/14/2020 20:27,1,
86m9x7zf-1878,7/14/2020 20:27,1,
7mn8a37b-umshini,7/14/2020 20:27,1,
855s8atk-906,7/14/2020 20:27,1,
8q4l6y39-193612,7/14/2020 20:27,1,
88xg2o4i-umshini,7/14/2020 20:27,1,
7pql3rkx-1758,7/14/2020 20:27,1,
8ijitv3a-umshini,7/14/2020 20:27,1,
7k439uk1-1719,7/14/2020 20:27,1,
82ecah6n-1700,7/14/2020 20:27,1,
6q0o1yuk-274318,7/14/2020 20:27,,
6ul3hiew-umshini,7/14/2020 20:27,1,
6ed1qwlc-193612,7/14/2020 20:27,1,
6l6gsku5-609,7/14/2020 20:27,1,
6fyaqq4y-1897,7/14/2020 20:27,1,
71m43jy6-193712,7/14/2020 20:27,,
6p88e4ul-879,7/14/2020 20:27,1,
75zntd8l-1996,7/14/2020 20:27,1,
6ej7vyue-1144,7/14/2020 20:27,1,
6mthnb92-952,7/14/2020 20:27,1,
5932v0ga-1684,7/14/2020 20:27,1,
67bz8pao-1884,7/14/2020 20:27,1,
600lbd4q-40,7/14/2020 20:27,1,
6a9iybdx-861,7/14/2020 20:27,1,
6bvz88xu-1334,7/14/2020 20:27,1,
6bka73b7-umshini,7/14/2020 20:27,1,
6ahvxj81-1926,7/14/2020 20:27,1,
5cg0aos8-1331,7/14/2020 20:27,1,
58jn87p6-193774,7/14/2020 20:27,,
4py0780h-1794,7/14/2020 20:27,1,
4uzcqtti-1769,7/14/2020 20:27,1,
56k6qe5d-umshini,7/14/2020 20:27,1,
53na13ab-1685,7/14/2020 20:27,1,
57j09abo-193602,7/14/2020 20:27,1,
55ocwxsn-1523,7/14/2020 20:27,1,
3zrz5mob-193679,7/14/2020 20:27,1,
40wqrouh-26,7/14/2020 20:27,1,
4c1o6ogt-859,7/14/2020 20:27,1,
43ap3tk6-1869,7/14/2020 20:27,1,
4p0c6x7q-739,7/14/2020 20:27,1,
4gsk0vvj-400,7/14/2020 20:27,1,
496gtey6-1233,7/14/2020 20:27,1,
3yb3mvlo-1795,7/14/2020 20:27,1,
2voo2m4d-1233,7/14/2020 20:27,1,
2uguf55d-umshini,7/14/2020 20:27,1,
31fhkgdw-umshini,7/14/2020 20:27,1,
3oqpbodd-957,7/14/2020 20:27,1,
2z0pplme-1685,7/14/2020 20:27,1,
3f2134a0-1280,7/14/2020 20:27,1,
2y1ued7c-40,7/14/2020 20:27,1,
3adndb05-umshini,7/14/2020 20:27,1,
3mltabim-193602,7/14/2020 20:27,1,
3e763x2s-1040,7/14/2020 20:27,1,
3ajw1bov-umshini,7/14/2020 20:27,1,
2tujvxgw-521,7/14/2020 20:27,1,
24hac0it-umshini,7/14/2020 20:27,1,
2p0h09no-247,7/14/2020 20:27,1,
2ddyh8gg-1633,7/14/2020 20:27,1,
2ejrtslh-1050,7/14/2020 20:27,1,
2d669w4g-1922,7/14/2020 20:27,1,
2pjc59ed-1780,7/14/2020 20:27,1,
28v2s570-umshini,7/14/2020 20:27,1,
1nvzy0ci-1226,7/14/2020 20:27,1,
1doq0ksq-1795,7/14/2020 20:27,1,
1l9gzl34-1444,7/14/2020 20:27,1,
17p94w7i-113,7/14/2020 20:27,1,
1nx3d7w4-627,7/14/2020 20:27,1,
1l86i0qg-1144,7/14/2020 20:27,1,
146kq6ce-umshini,7/14/2020 20:27,1,
1i2on6hs-umshini,7/14/2020 20:27,1,
0fkcdfqi-1869,7/14/2020 20:27,1,
0irp6rop-1334,7/14/2020 20:27,1,
0geqssdq-umshini,7/14/2020 20:27,1,
0xtkd8q3-1655,7/14/2020 20:27,1,
0t8dsvvo-1101,7/14/2020 20:27,1,
0hn0wdwi-193719,7/14/2020 20:27,,
0v4l53y0-,7/14/2020 20:27,1,
0cqyhub2-umshini,7/14/2020 20:27,1,
0cos9s0w-1011,7/14/2020 20:27,1,
00nd1sh0-1011,7/14/2020 20:27,1,
04g0sj5h-1659,7/14/2020 20:27,1,
d4x3z6bo-1215,7/14/2020 20:26,1,
394q2g2o-193754,7/14/2020 20:26,,
pi6yaoac-1815,7/14/2020 20:25,1,
hwdomp8m-959,7/14/2020 20:25,1,
u95aii1x-umshini,7/14/2020 20:24,1,
6e6wije0-1847,7/14/2020 20:23,1,
zqmio1tx-1164,7/14/2020 20:18,1,
n2ga5ts3-1201,7/14/2020 20:18,1,
a9kidgfy-1164,7/14/2020 20:18,1,
7o3u72ge-1201,7/14/2020 20:18,1,
q9y6w9d3-881,7/14/2020 20:16,1,
3mw04e8w-1862,7/14/2020 20:12,1,
8xiqsx1n-193719,7/14/2020 20:00,1,
f4qnluvl-umshini,7/14/2020 19:36,,
71m43jy6-umshini,7/14/2020 19:24,,
nmla7cak-193671,7/14/2020 19:23,1,
81i2jw9u-193785,7/14/2020 18:52,,
o9fcbfwz-umshini,7/14/2020 18:50,1,
3wn1j5rd-2005,7/14/2020 18:36,,
tb79lsz4-umshini,7/14/2020 18:32,1,
231jd506-1580,7/14/2020 18:31,1,
edlkl2pv-1875,7/14/2020 18:30,1,
rfwbsk96-790,7/14/2020 18:22,1,
momeind9-umshini,7/14/2020 18:20,1,
x7mwo5pp-umshini,7/14/2020 18:14,1,
1gfyj07b-umshini,7/14/2020 18:04,1,
01igz798-1423,7/14/2020 18:04,1,
bclhkpok-1423,7/14/2020 18:04,1,
lbqnkdv5-1883,7/14/2020 17:59,1,
mbjwjfkd-umshini,7/14/2020 17:34,1,
vvzsmxhd-1423,7/14/2020 16:19,1,
i4a7psil-1136,7/14/2020 16:06,1,
17q5l0ke-1917,7/14/2020 16:04,1,
bxkst1bu-1647,7/14/2020 16:02,1,
f4qnluvl-193712,7/14/2020 15:49,,
sgtuzykh-umshini,7/14/2020 15:48,,
lm5pyso0-1512,7/14/2020 15:18,1,
pyd1ra8p-1510,7/14/2020 15:10,1,
t7ecsrag-1347,7/14/2020 15:05,1,
djkdshdg-umshini,7/14/2020 15:02,,
p48ef3lc-1884,7/14/2020 15:01,1,
y1opp309-263,7/14/2020 14:24,1,
va9vy1co-umshini,7/14/2020 14:24,1,
olrjh6ub-815,7/14/2020 14:24,1,
gvqy8a6t-umshini,7/14/2020 14:23,1,
e4te9gxl-923,7/14/2020 14:23,1,
3hjcwcl0-umshini,7/14/2020 14:23,1,
yh0a1i6q-umshini,7/14/2020 14:23,1,
qamco66c-umshini,7/14/2020 14:23,1,
oxdndga1-815,7/14/2020 14:23,1,
p6ool3mk-815,7/14/2020 14:23,1,
nw41km51-Habib,7/14/2020 14:23,1,
nn3gqsll-umshini,7/14/2020 14:23,1,
l6bbd2f1-954,7/14/2020 14:22,1,
hm7wndxm-umshini,7/14/2020 14:22,1,
gwv9xo3w-928,7/14/2020 14:22,1,
gwo4w91t-861,7/14/2020 14:22,1,
e342cm9d-1313,7/14/2020 14:22,1,
atg4xel4-umshini,7/14/2020 14:22,1,
744ygco7-915,7/14/2020 14:22,1,
48rbxkte-245,7/14/2020 14:22,1,
3pndfos4-umshini,7/14/2020 14:22,1,
147jb0bd-1233,7/14/2020 14:22,1,
1013d195-1040,7/14/2020 14:22,1,
sv3stp5v-193766,7/14/2020 14:11,1,
zstjvzpk-193656,7/14/2020 14:07,1,
5932v0ga-umshini,7/14/2020 13:22,,
vzxgw36l-193711,7/14/2020 12:57,,
5bssl46i-1360,7/14/2020 12:48,1,
p32mmfpw-umshini,7/14/2020 12:27,,
a8yncmq2-1269,7/14/2020 12:03,1,
rcaega4c-1804,7/14/2020 11:33,,
ejwfhtjx-193809,7/14/2020 11:32,,
v4uyt7cu-umshini,7/14/2020 11:22,,
ni0t6r47-193809,7/14/2020 11:20,,
ejwfhtjx-umshini,7/14/2020 11:08,,
58jn87p6-umshini,7/14/2020 11:08,,
-1116,7/14/2020 10:20,1,
ep39qb33-1313,7/14/2020 9:26,1,
m3m830qy-umshini,7/14/2020 5:38,1,
nqcq6d0u-861,7/14/2020 5:37,1,
rzf7dyjm-1928,7/14/2020 2:15,1,
4p0c6x7q-umshini,7/14/2020 1:49,,
c208bajr-193700,7/14/2020 1:03,,
mbw8g6fs-umshini,7/14/2020 0:07,,
x79im978-umshini,7/14/2020 0:01,,
kdvnu1nt-2005,7/13/2020 22:14,,
kdvnu1nt-umshini,7/13/2020 22:13,,
3wn1j5rd-umshini,7/13/2020 22:00,,
3d4s199e-umshini,7/13/2020 21:36,1,
24tnf780-1471,7/13/2020 21:34,1,
syahq8a8-1410,7/13/2020 21:02,1,
lc6qq3bf-umshini,7/13/2020 20:39,,
snwywtcz-799,7/13/2020 17:37,1,
kw69yakz-1647,7/13/2020 13:14,1,
sjgxl3f7-944,7/13/2020 9:46,1,
q8xiwj1c-umshini,7/13/2020 9:45,,
5i8lgte1-1336,7/13/2020 4:18,1,
i7zhhggo-1417,7/12/2020 16:55,1,
zo3ntl0y-umshini,7/12/2020 16:12,,
2z0pplme-1731,7/12/2020 16:02,,
2z0pplme-umshini,7/12/2020 16:01,,
3hjyqcdf-1731,7/12/2020 15:52,1,
3hjyqcdf-umshini,7/12/2020 15:49,,
uawmgbbq-193645,7/12/2020 13:33,1,
g22jn5pk-umshini,7/12/2020 13:22,,
2ddyh8gg-umshini,7/12/2020 1:29,1,
vjrk7lx5-umshini,7/11/2020 22:04,1,
dged554s-umshini,7/11/2020 19:50,,
cig5x48n-umshini,7/11/2020 19:48,,
-1627,7/11/2020 18:27,1,
kw69yakz-umshini,7/11/2020 16:08,1,
bxkst1bu-1650,7/11/2020 16:01,1,
azlo5x54-umshini,7/11/2020 15:38,1,
nofw856i-umshini,7/11/2020 15:14,1,
t9eidvfo-umshini,7/11/2020 14:21,1,
vtqyjvfv-umshini,7/11/2020 13:13,1,
2moqazgf-1417,7/11/2020 12:50,1,
qw9fhp70-1615,7/11/2020 8:52,1,
22w0ebu9-1227,7/11/2020 4:20,1,
m61szop0-umshini,7/11/2020 1:51,,
cxgan35a-1861,7/11/2020 1:02,1,
acp3ul4e-umshini,7/11/2020 0:57,,
oy5ju08k-umshini,7/11/2020 0:36,,
dxe0f1ba-umshini,7/11/2020 0:34,,
t2wtqmx1-umshini,7/10/2020 23:59,,
394q2g2o-umshini,7/10/2020 23:35,,
nlpecbwz-umshini,7/10/2020 22:06,,
02ltg795-799,7/10/2020 8:30,1,
wmj12hcc-1508,7/10/2020 5:01,1,
vzxgw36l-umshini,7/10/2020 0:42,,
jadohyr1-976,7/10/2020 0:26,1,
bm7p70ae-976,7/10/2020 0:26,1,
8xiqsx1n-umshini,7/9/2020 23:11,,
muuja6ml-umshini,7/9/2020 21:08,,
wmj12hcc-umshini,7/9/2020 20:06,1,
c208bajr-umshini,7/9/2020 19:01,,
231jd506-umshini,7/9/2020 18:12,1,
ldo8xszn-umshini,7/9/2020 18:09,1,
djkdshdg-193641,7/9/2020 17:19,1,
msvelshu-umshini,7/9/2020 16:22,1,
syjp4mfi-1021,7/9/2020 15:12,1,
zzxy87oi-umshini,7/9/2020 14:54,1,
nd0yjvl7-umshini,7/9/2020 14:25,1,
0hn0wdwi-umshini,7/9/2020 13:19,,
x1nzglq1-umshini,7/9/2020 1:12,1,
9tijbptl-umshini,7/9/2020 1:09,1,
ncxyjs9c-umshini,7/8/2020 23:06,,
5bssl46i-umshini,7/8/2020 22:16,,
uawmgbbq-umshini,7/8/2020 20:49,,
lesxy3n6-umshini,7/8/2020 20:26,,
e55mxic3-umshini,7/8/2020 20:15,,
rj0ej9c3-umshini,7/8/2020 19:32,,
lzeebyvf-umshini,7/8/2020 19:15,,
8yzaag7s-umshini,7/8/2020 18:42,,
bxkst1bu-umshini,7/8/2020 14:43,1,
5i8lgte1-umshini,7/8/2020 3:36,,
apb0skta-umshini,7/8/2020 3:28,,
zstjvzpk-umshini,7/8/2020 1:33,,
tcjnlrqy-umshini,7/7/2020 22:58,,
yh33dgfu-umshini,7/7/2020 20:59,,
76lqwwio-193646,7/7/2020 20:52,1,
dx916v0h-umshini,7/7/2020 20:36,,
gphup3zq-umshini,7/7/2020 20:06,,
v84l9bcd-1994,7/7/2020 18:41,1,
6q0o1yuk-umshini,7/7/2020 1:21,,
krsiufwr-umshini,7/7/2020 1:17,,
gj7kowss-umshini,7/7/2020 0:41,,
g1zt11kj-umshini,7/7/2020 0:29,,
li2apvmz-1928,7/7/2020 0:06,1,
a2lnghsi-umshini,7/6/2020 20:49,,
325ie5xx-umshini,7/6/2020 20:03,1,
hmlbazpf-umshini,7/6/2020 19:28,,
a2lnghsi-193609,7/6/2020 15:03,1,
01igz798-umshini,7/5/2020 18:19,1,
bclhkpok-umshini,7/5/2020 18:10,1,
vvzsmxhd-umshini,7/5/2020 17:58,1,
u7wjo8om-1984,7/5/2020 17:58,1,
bh8hstn4-umshini,7/5/2020 17:52,1,
a8yncmq2-umshini,7/5/2020 15:42,1,
9ki8s2bd-135,7/5/2020 14:54,1,
9ki8s2bd-umshini,7/5/2020 14:52,1,
bh8hstn4-135,7/5/2020 14:41,1,
e274wjhk-umshini,7/4/2020 23:27,1,
fjbxuj3z-umshini,7/4/2020 23:19,1,
nfeapt4s-umshini,7/4/2020 22:28,1,
syahq8a8-1414,7/4/2020 22:19,1,
syahq8a8-umshini,7/4/2020 22:17,1,
-umshini,7/4/2020 17:43,,
8z06ajsz-687,7/4/2020 1:55,1,
qoenskfc-umshini,7/4/2020 1:11,,
p2rmqj0s-umshini,7/4/2020 0:57,,
3mltabim-umshini,7/3/2020 23:49,,
57j09abo-umshini,7/3/2020 23:02,,
40wqrouh-umshini,7/3/2020 19:54,1,
zywldi4x-1433,7/3/2020 19:19,1,
259f46v8-1433,7/3/2020 19:18,1,
6ed1qwlc-umshini,7/3/2020 18:28,,
8q4l6y39-umshini,7/3/2020 18:19,,
p5lmguw1-umshini,7/3/2020 18:03,,
mo0glf37-umshini,7/3/2020 9:05,,
h31p05lc-1794,7/3/2020 2:00,1,
75zntd8l-umshini,7/3/2020 0:21,,
joohxjrd-umshini,7/2/2020 21:56,,
ttx3scjf-umshini,7/2/2020 21:39,,
v84l9bcd-umshini,7/2/2020 20:04,,
u7wjo8om-umshini,7/2/2020 15:14,,
e1z285zo-umshini,7/2/2020 3:12,,
uiy42dav-umshini,7/2/2020 2:58,,
4j933rfj-942,7/1/2020 16:23,1,
ud3vvz7e-942,7/1/2020 11:27,1,
67bz8pao-umshini,7/1/2020 2:14,,
2d669w4g-umshini,7/1/2020 0:58,,
lbqnkdv5-umshini,7/1/2020 0:07,,
pi6yaoac-umshini,6/30/2020 20:12,,
mqlyvbmv-umshini,6/30/2020 3:22,,
bhojqm54-umshini,6/30/2020 3:15,,
fczsoo5b-umshini,6/30/2020 2:28,,
z2i0fkqf-umshini,6/30/2020 2:06,,
rde18z32-umshini,6/30/2020 1:25,,
ucdbvyu4-247,6/29/2020 14:01,,
llhbs3gf-827,6/28/2020 3:11,1,
s7vy1ufr-1101,6/27/2020 10:58,1,
vgraapkr-umshini,6/27/2020 10:00,1,
b50vhxq2-umshini,6/27/2020 3:38,,
6ahvxj81-umshini,6/27/2020 3:23,,
17q5l0ke-umshini,6/26/2020 22:04,,
rzf7dyjm-umshini,6/26/2020 21:01,,
gg6qkimk-umshini,6/26/2020 20:40,,
li2apvmz-umshini,6/26/2020 20:24,,
hk48lzlr-umshini,6/26/2020 19:23,,
a4xig82b-umshini,6/26/2020 18:58,,
nt81wevt-umshini,6/26/2020 18:41,,
-1894,6/26/2020 9:34,,
cxgan35a-umshini,6/25/2020 22:24,,
qf9wuypc-umshini,6/25/2020 22:12,,
86m9x7zf-umshini,6/25/2020 20:54,,
wqgc4omc-umshini,6/25/2020 19:15,,
6fyaqq4y-umshini,6/25/2020 18:52,,
lhh9j2ds-1766,6/25/2020 13:19,1,
xhelqwba-1766,6/25/2020 12:43,1,
9c635qpz-umshini,6/25/2020 11:47,,
mlvs98ye-1213,6/25/2020 11:39,1,
y2fxsjxh-umshini,6/25/2020 0:05,,
43ap3tk6-umshini,6/24/2020 23:33,,
enkedwt8-umshini,6/24/2020 21:37,,
nu8a3ps9-umshini,6/24/2020 19:56,,
edlkl2pv-umshini,6/24/2020 18:53,,
eu9lnaqo-umshini,6/24/2020 17:38,,
u9t2ue7r-umshini,6/24/2020 16:35,,
a4y877jj-umshini,6/24/2020 1:58,,
f6epph19-1796,6/24/2020 0:35,1,
mmbs9zsr-1081,6/23/2020 23:34,1,
lsbdv3lb-1081,6/23/2020 23:33,1,
fp0nniro-umshini,6/23/2020 19:06,,
zewiyc1d-916,6/23/2020 13:59,1,
tt9s2k30-1671,6/23/2020 13:03,1,
ytgfxo7n-1802,6/22/2020 23:34,1,
6e6wije0-umshini,6/22/2020 21:15,1,
tt9s2k30-umshini,6/22/2020 18:40,1,
syjp4mfi-umshini,6/22/2020 18:23,1,
q1tqj2zq-umshini,6/22/2020 18:06,1,
z9a2owfv-1274,6/20/2020 21:17,1,
a15e2a3c-umshini,6/20/2020 14:32,,
z2wdpux3-1325,6/20/2020 12:32,1,
k29lrecl-umshini,6/20/2020 0:23,,
bnqou5j7-umshini,6/19/2020 22:53,,
z5alqjgf-umshini,6/19/2020 21:16,,
udarach3-umshini,6/19/2020 21:10,,
4b2zweoi-umshini,6/19/2020 20:44,1,
32greyfw-1084,6/19/2020 12:55,1,
3yb3mvlo-umshini,6/19/2020 2:45,,
1doq0ksq-umshini,6/19/2020 2:35,,
rcaega4c-umshini,6/19/2020 1:16,,
sucxwplj-umshini,6/18/2020 23:38,,
9lxqwqih-umshini,6/18/2020 22:28,,
ytgfxo7n-umshini,6/18/2020 22:14,,
yr162kw4-umshini,6/18/2020 19:45,,
82ecah6n-umshini,6/18/2020 17:49,,
9lxqwqih-1768,6/18/2020 15:16,1,
ilguggg5-942,6/18/2020 14:02,1,
aw0wbvef-umshini,6/18/2020 12:55,,
pshdmmbe-1735,6/18/2020 10:56,1,
h31p05lc-umshini,6/18/2020 2:16,,
4py0780h-umshini,6/18/2020 2:00,,
p4imyo0c-umshini,6/17/2020 23:51,,
qs7kmlbm-umshini,6/17/2020 21:49,,
4uzcqtti-umshini,6/17/2020 18:16,,
2pjc59ed-umshini,6/17/2020 17:47,,
i101een8-umshini,6/17/2020 16:53,,
rl8vu21t-umshini,6/17/2020 15:38,,
lvv9z3lc-umshini,6/17/2020 1:10,,
04g0sj5h-umshini,6/17/2020 0:24,,
fga6huat-umshini,6/16/2020 20:14,1,
xhelqwba-umshini,6/16/2020 17:58,,
lhh9j2ds-umshini,6/16/2020 17:39,,
xsqgcnrv-umshini,6/16/2020 3:34,1,
qw9fhp70-umshini,6/16/2020 2:15,1,
b2n8ghfi-umshini,6/16/2020 2:06,1,
7pql3rkx-umshini,6/16/2020 0:42,1,
osmjfvgl-umshini,6/16/2020 0:05,1,
2tujvxgw-umshini,6/15/2020 21:57,1,
waphl17a-umshini,6/15/2020 21:07,1,
elzb76ox-umshini,6/15/2020 20:40,1,
53na13ab-umshini,6/15/2020 20:18,1,
cbyjdv8n-umshini,6/15/2020 20:05,1,
x1v4fwgh-umshini,6/15/2020 19:30,1,
7k439uk1-umshini,6/15/2020 17:50,,
o2qxjh5h-umshini,6/15/2020 14:06,,
waphl17a-1488,6/15/2020 13:30,,
t53lr16f-790,6/15/2020 5:31,1,
uytg2n0d-umshini,6/12/2020 13:56,1,
0xtkd8q3-umshini,6/12/2020 3:06,1,
m5ixw9b8-umshini,6/12/2020 1:15,1,
vmj1k6gl-umshini,6/10/2020 18:46,1,
9l77wc0y-umshini,6/10/2020 13:56,1,
wn8umanv-916,6/10/2020 4:49,1,
vuoyxshv-umshini,6/8/2020 20:37,,
sjgzfnex-umshini,6/6/2020 17:49,1,
q9y6w9d3-umshini,6/6/2020 17:22,1,
08oo2x0a-1050,6/5/2020 0:55,1,
2p0h09no-umshini,5/30/2020 18:12,,
9vecsdsd-umshini,5/28/2020 22:10,1,
p2njrc36-790,5/27/2020 20:32,1,
mca1pok1-799,5/25/2020 12:05,1,
czlruf4d-umshini,5/24/2020 17:09,1,
c0t5x19p-941,5/23/2020 15:36,1,
c1q33prp-umshini,5/22/2020 2:01,1,
jmjcihtx-umshini,5/20/2020 16:22,1,
ucdbvyu4-1102,5/17/2020 2:53,1,
laqgsq2p-1333,5/16/2020 19:31,1,
cdvgp5sq-1325,5/13/2020 23:22,1,
ni0t6r47-umshini,5/8/2020 18:05,1,
ee4mhh58-umshini,4/30/2020 18:28,1,
e31glsg6-925,4/27/2020 13:48,1,
rv8it7um-umshini,4/26/2020 11:38,1,
391x8ncp-925,4/25/2020 23:37,1,
wplfzry1-814,4/24/2020 22:38,1,
ozgki04o-814,4/24/2020 22:38,1,
7kyitrsh-814,4/24/2020 22:38,1,
zn03ig0u-814,4/24/2020 14:42,1,
q67feapf-814,4/24/2020 14:42,1,
91lradej-687,4/24/2020 14:42,1,
qi8ra1bb-814,4/24/2020 2:05,1,
a1j6newk-umshini,4/19/2020 18:56,1,
cossosi9-1245,4/18/2020 3:02,1,
azsi291c-1190,4/14/2020 8:16,1,
vnagnlry-1379,4/10/2020 23:21,1,
1l9gzl34-1379,4/10/2020 15:20,1,
y1uw6r9n-687,4/10/2020 2:23,1,
eoo0pzqo-1379,4/10/2020 2:23,1,
8vg10308-1102,4/9/2020 18:37,1,
ldeg0cex-umshini,4/8/2020 13:52,1,
scxdbudn-814,4/5/2020 13:38,1,
o2g9ifmi-1090,4/3/2020 18:44,1,
9fy4zu5u-umshini,4/2/2020 12:49,1,
3mw04e8w-1192,3/31/2020 21:55,1,
69u2191d-umshini,3/31/2020 6:59,,
ep39qb33-umshini,3/28/2020 23:22,,
d4x3z6bo-umshini,3/28/2020 18:22,,
imnxfmeu-umshini,3/28/2020 16:59,,
n2ga5ts3-umshini,3/28/2020 16:37,,
7o3u72ge-umshini,3/28/2020 16:04,,
-881,3/27/2020 23:09,,
arpbkosd-umshini,3/27/2020 22:52,,
mcuw42ci-umshini,3/27/2020 22:06,,
uekghhde-umshini,3/27/2020 21:16,,
kmqxmcr5-umshini,3/27/2020 13:55,,
tgvb9yec-1090,3/26/2020 20:13,,
a9kidgfy-umshini,3/25/2020 19:42,,
zqmio1tx-umshini,3/25/2020 19:24,,
1l86i0qg-umshini,3/25/2020 17:32,,
6ej7vyue-umshini,3/25/2020 16:52,,
9p1a8hug-1113,3/25/2020 14:44,,
m8k146f0-umshini,3/25/2020 14:11,,
d93d7cys-umshini,3/25/2020 13:31,,
ize4scoo-umshini,3/25/2020 12:10,,
lj8ki9sc-umshini,3/25/2020 11:46,,
ojjaip9r-umshini,3/24/2020 21:37,,
cyl6wus9-1081,3/24/2020 4:44,,
i4a7psil-umshini,3/23/2020 16:58,,
a4ipkdwd-umshini,3/23/2020 16:13,,
zewiyc1d-umshini,3/23/2020 14:53,,
wn8umanv-umshini,3/23/2020 14:26,,
mupveuyn-umshini,3/21/2020 19:58,,
k5eun1nn-792,3/21/2020 19:58,,
0t8dsvvo-umshini,3/21/2020 19:57,,
3vmv149m-umshini,3/18/2020 13:56,,
hosudopk-umshini,3/17/2020 8:45,,
t9cvcvjn-umshini,3/16/2020 21:18,,
rouvhr22-umshini,3/16/2020 21:18,,
fytavwly-umshini,3/16/2020 21:18,,
3oqpbodd-umshini,3/16/2020 21:18,,
w5qd0t7e-umshini,3/16/2020 15:21,,
r7oui1eh-umshini,3/16/2020 15:21,,
c5zt2do9-umshini,3/16/2020 15:21,,
pv21ifsa-umshini,3/14/2020 17:28,,
pv21ifsa-997,3/14/2020 17:28,,
hwdomp8m-umshini,3/14/2020 17:28,,
p6ool3mk-umshini,3/14/2020 11:47,,
oxdndga1-umshini,3/14/2020 11:47,,
jadohyr1-umshini,3/14/2020 0:36,,
bm7p70ae-umshini,3/14/2020 0:36,,
ilguggg5-umshini,3/13/2020 18:46,,
g79uo6lc-umshini,3/13/2020 18:46,,
4j933rfj-umshini,3/13/2020 18:46,,
0cos9s0w-umshini,3/13/2020 18:46,,
00nd1sh0-umshini,3/13/2020 18:46,,
zp5g77xz-820,3/13/2020 2:05,,
lwhlhhu3-928,3/12/2020 9:02,,
i7zhhggo-umshini,3/11/2020 17:54,,
2moqazgf-umshini,3/11/2020 17:42,,
vw9eircx-umshini,3/11/2020 17:00,,
ytcsmf25-umshini,3/11/2020 15:56,,
lwhlhhu3-umshini,3/11/2020 15:56,,
gwv9xo3w-umshini,3/11/2020 15:56,,
e31glsg6-umshini,3/11/2020 15:56,,
c0t5x19p-umshini,3/11/2020 15:56,,
6mthnb92-umshini,3/11/2020 15:56,,
-113,3/11/2020 15:19,,
705s45s9-820,3/10/2020 23:11,,
259f46v8-umshini,3/10/2020 18:29,,
zywldi4x-umshini,3/10/2020 18:22,,
z9a2owfv-umshini,3/9/2020 21:18,,
la0ez6pj-umshini,3/9/2020 21:10,,
1l9gzl34-umshini,3/9/2020 19:55,,
eoo0pzqo-umshini,3/9/2020 19:47,,
vnagnlry-umshini,3/9/2020 19:31,,
496gtey6-umshini,3/9/2020 16:49,,
wx818oxu-umshini,3/9/2020 16:04,,
laqgsq2p-umshini,3/9/2020 13:25,,
6bvz88xu-umshini,3/9/2020 12:46,,
0irp6rop-umshini,3/9/2020 12:34,,
o20jy69p-umshini,3/9/2020 11:02,,
147jb0bd-umshini,3/9/2020 10:19,,
2voo2m4d-umshini,3/9/2020 10:10,,
zp5g77xz-umshini,3/8/2020 21:06,,
855s8atk-umshini,3/8/2020 21:06,,
705s45s9-umshini,3/8/2020 21:06,,
6vd9xmwk-868,3/8/2020 21:06,,
744ygco7-umshini,3/8/2020 15:35,,
ljkml8vy-umshini,3/7/2020 23:28,,
fmn4atkd-umshini,3/7/2020 23:28,,
6vd9xmwk-umshini,3/7/2020 23:28,,
8d46367w-umshini,3/7/2020 20:41,,
tt7iixe5-umshini,3/7/2020 19:43,,
sgqmef1h-umshini,3/7/2020 19:36,,
z2wdpux3-umshini,3/7/2020 19:21,,
cdvgp5sq-umshini,3/7/2020 19:14,,
sjgxl3f7-umshini,3/7/2020 18:31,,
vt1yopow-umshini,3/7/2020 18:23,,
o27c0c7b-umshini,3/7/2020 18:14,,
w7nb8lb9-umshini,3/7/2020 18:01,,
snwywtcz-umshini,3/7/2020 18:01,,
ogx7fsg5-umshini,3/7/2020 18:01,,
mca1pok1-umshini,3/7/2020 18:01,,
17p94w7i-umshini,3/7/2020 18:01,,
02ltg795-umshini,3/7/2020 18:00,,
t7ecsrag-umshini,3/7/2020 16:53,,
0v4l53y0-umshini,3/7/2020 14:49,,
hdheo90o-umshini,3/7/2020 12:52,,
46sfd0k8-umshini,3/7/2020 12:49,,
xpdo4avo-umshini,3/7/2020 12:44,,
xxrf6euk-umshini,3/7/2020 12:44,,
vq2fqhey-umshini,3/7/2020 12:44,,
hgoso5i1-umshini,3/7/2020 12:44,,
l6bbd2f1-umshini,3/6/2020 23:50,,
sbpw4f32-umshini,3/6/2020 21:28,,
nqcq6d0u-umshini,3/6/2020 11:15,,
gwo4w91t-umshini,3/6/2020 11:15,,
gc0sbl8z-umshini,3/6/2020 11:15,,
6p88e4ul-umshini,3/6/2020 11:15,,
6a9iybdx-umshini,3/6/2020 11:15,,
6l6gsku5-umshini,3/5/2020 20:13,,
d07u9e67-umshini,3/5/2020 18:48,,
5cg0aos8-umshini,3/5/2020 18:24,,
rihr5bqr-umshini,3/5/2020 18:12,,
e342cm9d-umshini,3/4/2020 22:41,,
qsk0qikj-umshini,3/4/2020 21:39,,
y9050cnj-umshini,3/4/2020 20:13,,
1nvzy0ci-umshini,3/4/2020 19:54,,
48rbxkte-umshini,3/4/2020 17:53,,
e9ygsen2-umshini,3/4/2020 17:45,,
cossosi9-umshini,3/4/2020 17:39,,
zn03ig0u-umshini,3/4/2020 17:36,,
wplfzry1-umshini,3/4/2020 17:36,,
scxdbudn-umshini,3/4/2020 17:36,,
qi8ra1bb-umshini,3/4/2020 17:36,,
q67feapf-umshini,3/4/2020 17:36,,
ozgki04o-umshini,3/4/2020 17:36,,
lgd03b6t-umshini,3/4/2020 17:36,,
llhbs3gf-umshini,3/4/2020 17:36,,
7kyitrsh-umshini,3/4/2020 17:35,,
kf39sn5z-umshini,3/4/2020 17:32,,
3f2134a0-umshini,3/3/2020 14:56,,
4qizoms2-881,3/3/2020 10:48,,
rp58relm-umshini,3/3/2020 10:45,,
kxosv2j5-umshini,3/2/2020 19:05,,
l6cpnx3a-umshini,3/2/2020 18:53,,
d7dxc2zt-umshini,3/2/2020 18:42,,
rrdfsogf-umshini,3/2/2020 18:30,,
t53lr16f-umshini,3/1/2020 18:46,,
rfwbsk96-umshini,3/1/2020 18:46,,
p2njrc36-705,3/1/2020 18:46,,
p2njrc36-umshini,3/1/2020 13:57,,
tuyyfadu-umshini,2/29/2020 18:12,,
xrw6n3vm-umshini,2/29/2020 16:37,,
1013d195-umshini,2/29/2020 16:21,,
wvnvuaqy-umshini,2/29/2020 13:19,,
rj3qbwdx-umshini,2/29/2020 13:19,,
itcm34h7-umshini,2/29/2020 13:19,,
3e763x2s-umshini,2/29/2020 11:50,,
xrw6n3vm-1040,2/29/2020 11:47,,
v38rx5e7-umshini,2/28/2020 22:47,,
k5eun1nn-umshini,2/28/2020 22:47,,
e4te9gxl-umshini,2/28/2020 20:53,,
y1uw6r9n-umshini,2/28/2020 17:55,,
q4wwsraz-umshini,2/28/2020 17:55,,
8z06ajsz-umshini,2/28/2020 17:55,,
91lradej-umshini,2/28/2020 17:55,,
fb1qu45r-umshini,2/28/2020 12:58,,
mlvs98ye-umshini,2/27/2020 19:13,,
22w0ebu9-umshini,2/27/2020 16:25,,
nw41km51-umshini,2/27/2020 8:30,,
kwrch16p-umshini,2/27/2020 0:25,,
3mw04e8w-1036,2/26/2020 13:41,,
1byfio3s-umshini,2/26/2020 12:49,,
0nlu5sr8-umshini,2/25/2020 20:47,1,
gzscjfix-umshini,2/20/2020 19:31,,
94ke8396-umshini,2/20/2020 19:04,,
t8qmyf1p-umshini,2/20/2020 18:53,,
s7vy1ufr-umshini,2/20/2020 18:11,,
m2ucu6o9-umshini,2/20/2020 15:02,,
sne24u48-umshini,2/20/2020 14:54,,
wv5lm9z4-umshini,2/20/2020 13:30,,
32greyfw-umshini,2/20/2020 12:37,,
4c1o6ogt-umshini,2/20/2020 11:28,,
o2g9ifmi-umshini,2/19/2020 20:55,,
tgvb9yec-umshini,2/19/2020 20:46,,
y1opp309-umshini,2/19/2020 19:33,,
ztnpplf1-umshini,2/19/2020 19:11,,
2y1ued7c-umshini,2/19/2020 17:51,,
xvn9y213-umshini,2/19/2020 17:28,,
600lbd4q-umshini,2/19/2020 17:20,,
1gt1qjg5-1102,2/19/2020 14:04,,
hrc6333l-umshini,2/19/2020 13:29,,
8vg10308-umshini,2/19/2020 13:04,,
ucdbvyu4-umshini,2/19/2020 12:55,,
1gt1qjg5-umshini,2/19/2020 12:36,,
cyl6wus9-umshini,2/18/2020 20:04,,
mmbs9zsr-umshini,2/18/2020 19:46,,
lsbdv3lb-umshini,2/18/2020 19:36,,
whs9gfrg-umshini,2/18/2020 17:25,,
2ejrtslh-umshini,2/17/2020 18:57,,
08oo2x0a-umshini,2/17/2020 18:27,,
5tr4z83v-umshini,2/17/2020 15:37,,
dbasojoa-umshini,2/17/2020 15:27,,
olrjh6ub-umshini,2/13/2020 14:41,,
ud3vvz7e-umshini,2/12/2020 21:33,,
zfo3obk3-umshini,2/12/2020 17:01,,
391x8ncp-umshini,2/10/2020 17:55,,
p5j5wvqe-umshini,2/10/2020 14:19,,
weoojtlh-umshini,2/6/2020 21:50,,
e9wa3a5r-umshini,2/6/2020 18:25,,
dv2g9c6x-umshini,2/6/2020 17:53,,
vw0ntiwq-umshini,1/16/2020 20:00,,
jzed4duu-umshini,1/12/2020 18:10,1,
zi0opoea-umshini,1/12/2020 17:41,,
